{"cameraMode":{"drawMode":0,"name":"Shaded","section":"Shading Mode"},"sceneLighting":false,"audioPlay":false,"sceneViewState":{"showFog":true,"showMaterialUpdate":true,"showSkybox":false,"showFlares":true,"showImageEffects":true,"showParticleSystems":true},"in2DMode":false,"pivot":{"x":4.269999980926514,"y":0.5460000038146973,"z":-15.039999961853028},"rotation":{"x":0.12451110780239105,"y":-0.509970486164093,"z":0.07488815486431122,"w":0.847859799861908},"size":3.5660250186920168,"orthographic":false}