{"cameraMode":{"drawMode":0,"name":"Shaded","section":"Shading Mode"},"sceneLighting":false,"audioPlay":false,"sceneViewState":{"showFog":true,"showMaterialUpdate":true,"showSkybox":false,"showFlares":true,"showImageEffects":true,"showParticleSystems":true},"in2DMode":false,"pivot":{"x":-2.980232238769531e-7,"y":1.380178689956665,"z":-7.944306373596191},"rotation":{"x":0.4163505733013153,"y":-0.07080530375242233,"z":0.03255303204059601,"w":0.9058958888053894},"size":2.0363521575927736,"orthographic":false}