{"cameraMode":{"drawMode":0,"name":"Shaded","section":"Shading Mode"},"sceneLighting":true,"audioPlay":false,"sceneViewState":{"showFog":true,"showMaterialUpdate":true,"showSkybox":true,"showFlares":true,"showImageEffects":true,"showParticleSystems":true},"in2DMode":false,"pivot":{"x":-0.013045310974121094,"y":0.2251468300819397,"z":-0.6467685699462891},"rotation":{"x":0.1222250759601593,"y":-0.11142180860042572,"z":0.013806362636387349,"w":0.9861710667610169},"size":3.9608144760131838,"orthographic":false}