{"cameraMode":{"drawMode":0,"name":"Shaded","section":"Shading Mode"},"sceneLighting":true,"audioPlay":false,"sceneViewState":{"showFog":true,"showMaterialUpdate":true,"showSkybox":true,"showFlares":true,"showImageEffects":true,"showParticleSystems":true},"in2DMode":false,"pivot":{"x":-0.013045310974121094,"y":0.2251468300819397,"z":-0.6467685699462891},"rotation":{"x":0.23612961173057557,"y":-0.05827143043279648,"z":0.014185702428221703,"w":0.9699066281318665},"size":3.9608144760131838,"orthographic":false}