{"cameraMode":{"drawMode":0,"name":"Shaded","section":"Shading Mode"},"sceneLighting":false,"audioPlay":false,"sceneViewState":{"showFog":true,"showMaterialUpdate":true,"showSkybox":false,"showFlares":true,"showImageEffects":true,"showParticleSystems":true},"in2DMode":false,"pivot":{"x":-0.029262065887451173,"y":0.9012469053268433,"z":-4.189921855926514},"rotation":{"x":0.020775267854332925,"y":-0.22306875884532929,"z":0.004738061688840389,"w":0.9746001958847046},"size":1.7189383506774903,"orthographic":false}